City_ID,City,Lat,Lng,Max Temp,Humidity,Cloudiness,Wind Speed,Country,Date
0,Rikitea,-23.1203,-134.9692,77.63,71,1,16.78,PF,2022-04-15 21:51:36
1,Tiksi,71.6872,128.8694,-4.34,100,100,3.62,RU,2022-04-15 21:51:36
2,Bedi,22.5,70.05,78.31,75,0,10.6,IN,2022-04-15 21:51:36
3,Lorengau,-2.0226,147.2712,83.1,74,63,5.23,PG,2022-04-15 21:51:37
4,Vestmannaeyjar,63.4427,-20.2734,47.44,83,98,34.65,IS,2022-04-15 21:51:37
5,San Cristobal,7.7669,-72.225,77.18,59,100,4.7,VE,2022-04-15 21:51:37
6,Torbay,47.6666,-52.7314,43.57,52,40,10.36,CA,2022-04-15 21:51:37
7,Hermanus,-34.4187,19.2345,53.8,67,67,15.32,ZA,2022-04-15 21:51:38
8,Umm Lajj,25.0213,37.2685,75.65,57,0,6.2,SA,2022-04-15 21:51:38
9,Gimli,50.6336,-96.9907,21.22,53,100,17.27,CA,2022-04-15 21:51:38
10,Buchanan,5.8808,-10.0467,80.24,84,100,7.29,LR,2022-04-15 21:51:39
11,Kalmunai,7.4167,81.8167,79.14,89,10,10.74,LK,2022-04-15 21:51:39
12,Mar Del Plata,-38.0023,-57.5575,64.09,85,0,21.0,AR,2022-04-15 21:47:44
13,Maniitsoq,65.4167,-52.9,24.1,60,98,9.42,GL,2022-04-15 21:51:39
14,Mataura,-46.1927,168.8643,53.47,62,79,14.38,NZ,2022-04-15 21:51:40
15,La Libertad,-2.2333,-80.9,74.86,78,0,16.11,EC,2022-04-15 21:51:40
16,New Norfolk,-42.7826,147.0587,51.71,66,95,1.01,AU,2022-04-15 21:51:41
17,Yellowknife,62.456,-114.3525,21.72,45,75,4.61,CA,2022-04-15 21:50:07
18,Chapais,49.7834,-74.8492,37.18,72,100,5.95,CA,2022-04-15 21:51:41
19,Athabasca,54.7169,-113.2854,34.21,52,100,6.62,CA,2022-04-15 21:51:41
20,Thunder Bay,48.4001,-89.3168,29.28,69,75,18.41,CA,2022-04-15 21:51:07
21,Busselton,-33.65,115.3333,58.44,92,16,6.44,AU,2022-04-15 21:51:42
22,Kruisfontein,-34.0033,24.7314,53.89,73,100,6.49,ZA,2022-04-15 21:51:42
23,Tautira,-17.7333,-149.15,81.03,73,13,15.99,PF,2022-04-15 21:51:42
24,San Ramon,37.7799,-121.978,71.82,55,0,11.5,US,2022-04-15 21:46:51
25,Boras,57.721,12.9401,37.49,72,15,2.84,SE,2022-04-15 21:49:40
26,Fedorovskoye,59.6631,30.5322,38.48,81,99,13.73,RU,2022-04-15 21:51:43
27,Yenagoa,4.9247,6.2642,79.21,86,96,2.98,NG,2022-04-15 21:51:43
28,Atuona,-9.8,-139.0333,78.87,78,17,15.61,PF,2022-04-15 21:51:43
29,Herat,34.5,62.0,60.6,41,83,15.75,AF,2022-04-15 21:51:44
30,Juybar,36.6412,52.9124,50.56,73,4,4.81,IR,2022-04-15 21:51:44
31,Razole,16.4833,81.8333,79.83,91,34,4.83,IN,2022-04-15 21:51:45
32,Punta Arenas,-53.15,-70.9167,50.11,66,20,26.46,CL,2022-04-15 21:51:45
33,Bluff,-46.6,168.3333,53.8,63,37,35.75,NZ,2022-04-15 21:51:45
34,Hilo,19.7297,-155.09,82.27,84,100,10.36,US,2022-04-15 21:48:44
35,Bredasdorp,-34.5322,20.0403,58.01,62,96,11.56,ZA,2022-04-15 21:51:46
36,Butaritari,3.0707,172.7902,81.14,74,67,8.59,KI,2022-04-15 21:51:46
37,Albany,42.6001,-73.9662,67.17,26,63,11.5,US,2022-04-15 21:51:46
38,Berezovyy,51.6667,135.7,31.68,89,100,0.83,RU,2022-04-15 21:51:46
39,Kenai,60.5544,-151.2583,44.02,51,100,3.44,US,2022-04-15 21:51:47
40,Hofn,64.2539,-15.2082,44.94,93,60,1.68,IS,2022-04-15 21:51:47
41,Antalaha,-14.9003,50.2788,75.65,92,64,7.67,MG,2022-04-15 21:51:47
42,Bathsheba,13.2167,-59.5167,83.01,69,20,19.57,BB,2022-04-15 21:51:48
43,Honiara,-9.4333,159.95,78.69,86,100,1.36,SB,2022-04-15 21:50:24
44,Kamenka,51.3223,42.7678,45.48,69,95,5.32,RU,2022-04-15 21:51:48
45,Ribeira Grande,38.5167,-28.7,60.37,69,100,11.43,PT,2022-04-15 21:52:48
46,Saskylakh,71.9167,114.0833,-13.81,100,94,6.62,RU,2022-04-15 21:52:49
47,Viedma,-40.8135,-62.9967,67.8,39,0,14.47,AR,2022-04-15 21:52:49
48,Poum,-20.2333,164.0167,77.88,71,12,7.47,NC,2022-04-15 21:52:49
49,Asosa,10.0667,34.5333,64.22,72,100,3.0,ET,2022-04-15 21:52:50
50,Iqaluit,63.7506,-68.5145,8.33,71,20,15.01,CA,2022-04-15 21:52:50
51,Ilulissat,69.2167,-51.1,-1.77,90,22,5.17,GL,2022-04-15 21:52:50
52,Codrington,-38.2667,141.9667,58.96,91,44,4.21,AU,2022-04-15 21:52:51
53,Avarua,-21.2078,-159.775,78.85,83,20,3.44,CK,2022-04-15 21:52:51
54,Aldergrove,49.058,-122.4709,51.76,55,75,13.8,CA,2022-04-15 21:52:19
55,Atbasar,51.8,68.3333,54.57,47,91,9.73,KZ,2022-04-15 21:52:51
56,Arnoldstein,46.5461,13.71,53.96,93,55,2.57,AT,2022-04-15 21:52:52
57,Hobart,-42.8794,147.3294,52.05,78,75,3.44,AU,2022-04-15 21:52:52
58,Dingle,10.9995,122.6711,75.81,89,89,2.93,PH,2022-04-15 21:52:52
59,Tucurui,-3.7661,-49.6725,76.06,94,94,3.85,BR,2022-04-15 21:52:53
60,Buala,-8.145,159.5921,78.04,84,100,1.74,SB,2022-04-15 21:52:53
61,Verkhnevilyuysk,63.4453,120.3167,13.51,95,95,5.61,RU,2022-04-15 21:52:53
62,Madimba,-10.4,40.3333,77.27,90,80,8.01,TZ,2022-04-15 21:52:53
63,Touros,-5.1989,-35.4608,80.1,82,21,9.64,BR,2022-04-15 21:52:54
64,Faya,18.3851,42.4509,66.31,38,91,5.57,SA,2022-04-15 21:52:54
65,Coralville,41.6764,-91.5805,50.23,34,100,10.36,US,2022-04-15 21:51:19
66,Zhigansk,66.7697,123.3711,2.43,94,52,11.34,RU,2022-04-15 21:52:54
67,Saint George,37.1041,-113.5841,76.42,16,0,9.22,US,2022-04-15 21:52:55
68,Chiang Klang,19.2938,100.8617,77.79,52,5,1.79,TH,2022-04-15 21:52:55
69,Alofi,-19.0595,-169.9187,84.09,74,57,4.61,NU,2022-04-15 21:52:55
70,Esso,55.9333,158.7,19.63,79,100,3.18,RU,2022-04-15 21:52:56
71,Mahebourg,-20.4081,57.7,77.29,78,75,14.97,MU,2022-04-15 21:52:56
72,Khatanga,71.9667,102.5,17.91,83,100,13.09,RU,2022-04-15 21:52:56
73,Kapaa,22.0752,-159.319,79.12,75,75,17.27,US,2022-04-15 21:52:57
74,Vaini,-21.2,-175.2,82.56,74,20,8.05,TO,2022-04-15 21:52:57
75,Arraial Do Cabo,-22.9661,-42.0278,73.26,64,20,19.57,BR,2022-04-15 21:52:57
76,Kitimat,54.0524,-128.6534,50.38,40,93,2.06,CA,2022-04-15 21:52:58
77,Ushuaia,-54.8,-68.3,47.86,71,75,14.97,AR,2022-04-15 21:52:58
78,Camapua,-19.5314,-54.0439,71.46,67,0,7.09,BR,2022-04-15 21:52:58
79,Carnarvon,-24.8667,113.6333,69.87,83,46,5.75,AU,2022-04-15 21:52:59
80,Churapcha,62.0025,132.4325,15.98,85,47,3.67,RU,2022-04-15 21:52:59
81,Cabo San Lucas,22.8909,-109.9124,85.6,49,74,6.31,MX,2022-04-15 21:48:44
82,Sujiatun,41.6592,123.3392,32.18,69,0,2.24,CN,2022-04-15 21:52:59
83,Marsh Harbour,26.5412,-77.0636,70.11,86,100,15.3,BS,2022-04-15 21:53:00
84,Aksarka,66.5606,67.7975,12.94,92,100,4.47,RU,2022-04-15 21:53:00
85,Araouane,18.9048,-3.5265,81.66,12,0,11.32,ML,2022-04-15 21:53:00
86,Stornoway,58.2093,-6.3865,51.93,92,100,0.0,GB,2022-04-15 21:53:00
87,Pitkyaranta,61.5734,31.4792,31.3,87,97,10.13,RU,2022-04-15 21:53:01
88,Koygorodok,60.445,50.9968,27.52,93,100,8.48,RU,2022-04-15 21:53:01
89,Jamestown,42.097,-79.2353,62.53,27,75,21.99,US,2022-04-15 21:50:37
90,Gunjur,13.2019,-16.7339,68.9,83,6,14.81,GM,2022-04-15 21:53:02
91,Barrow,71.2906,-156.7887,2.59,86,6,22.66,US,2022-04-15 21:53:02
92,Loudon,35.7328,-84.3338,76.51,31,96,1.01,US,2022-04-15 21:53:02
93,Esperance,-33.8667,121.9,55.24,79,39,10.25,AU,2022-04-15 21:53:03
94,Qaqortoq,60.7167,-46.0333,26.58,70,30,4.65,GL,2022-04-15 21:54:03
95,Imeni Zhelyabova,58.9544,36.5956,32.61,94,100,7.11,RU,2022-04-15 21:54:04
96,Gamba,-2.65,10.0,76.87,89,100,3.29,GA,2022-04-15 21:54:04
97,Tuatapere,-46.1333,167.6833,52.92,65,44,17.65,NZ,2022-04-15 21:54:04
98,Malindi,-3.2175,40.1191,81.73,79,100,11.03,KE,2022-04-15 21:49:10
99,Gizo,-8.103,156.8419,82.72,75,100,6.76,SB,2022-04-15 21:54:05
100,Saint-Philippe,-21.3585,55.7679,74.79,87,49,14.14,RE,2022-04-15 21:54:05
101,Port Elizabeth,-33.918,25.5701,57.49,79,0,3.0,ZA,2022-04-15 21:54:06
102,Sanchursk,56.9413,47.2499,28.36,92,17,7.2,RU,2022-04-15 21:54:06
103,Cape Town,-33.9258,18.4232,59.11,66,0,14.97,ZA,2022-04-15 21:52:05
104,Xichang,27.8964,102.2634,52.68,84,94,4.47,CN,2022-04-15 21:54:07
105,Muli,2.9167,73.5667,83.53,73,13,7.14,MV,2022-04-15 21:54:07
106,Porto Santo,33.072,-16.3415,61.18,88,40,11.5,PT,2022-04-15 21:54:07
107,Vila Velha,-20.3297,-40.2925,76.95,74,100,14.97,BR,2022-04-15 21:54:08
108,Itoman,26.1247,127.6694,69.82,68,20,21.85,JP,2022-04-15 21:54:08
109,Colombo,6.9319,79.8478,78.75,81,62,8.43,LK,2022-04-15 21:54:09
110,Puerto Leguizamo,-0.1934,-74.7819,80.58,86,58,2.44,CO,2022-04-15 21:54:09
111,West Bay,19.3667,-81.4167,86.07,67,20,11.5,KY,2022-04-15 21:54:10
112,Bethel,41.3712,-73.414,67.17,30,12,14.0,US,2022-04-15 21:53:31
113,Georgetown,5.4112,100.3354,80.55,89,40,3.44,MY,2022-04-15 21:50:11
114,Ellington,41.904,-72.4698,67.51,25,36,5.01,US,2022-04-15 21:54:10
115,Qui Nhon,13.7667,109.2333,76.78,93,16,1.77,VN,2022-04-15 21:54:10
116,Bassar,9.25,0.7833,78.04,76,84,5.61,TG,2022-04-15 21:54:11
117,Skibbereen,51.55,-9.2667,52.11,91,7,5.53,IE,2022-04-15 21:54:11
118,Port Alfred,-33.5906,26.891,60.51,68,96,7.94,ZA,2022-04-15 21:54:11
119,Ende,-8.8432,121.6623,78.69,86,92,1.23,ID,2022-04-15 21:54:12
120,Toucheng,24.8592,121.8233,66.45,79,100,7.92,TW,2022-04-15 21:54:12
121,Bambous Virieux,-20.3428,57.7575,77.25,78,75,14.97,MU,2022-04-15 21:54:13
122,Airai,-8.9266,125.4092,61.36,88,100,1.77,TL,2022-04-15 21:54:13
123,Price,39.5994,-110.8107,62.11,34,36,20.38,US,2022-04-15 21:54:13
124,Tuktoyaktuk,69.4541,-133.0374,-7.6,84,40,2.3,CA,2022-04-15 21:54:14
125,Flinders,-34.5833,150.8552,61.38,90,96,3.69,AU,2022-04-15 21:54:14
126,Tual,-5.6667,132.75,84.06,70,100,4.21,ID,2022-04-15 21:54:14
127,Nikolskoye,59.7035,30.7861,38.88,82,96,12.53,RU,2022-04-15 21:54:15
128,Lompoc,34.6391,-120.4579,73.69,71,0,27.0,US,2022-04-15 21:53:18
129,Goedereede,51.8175,3.9806,50.99,77,100,1.99,NL,2022-04-15 21:54:15
130,Provideniya,64.3833,-173.3,32.85,95,100,28.48,RU,2022-04-15 21:54:16
131,Kaitangata,-46.2817,169.8464,51.62,72,79,16.93,NZ,2022-04-15 21:54:16
132,Lebu,-37.6167,-73.65,55.67,83,17,12.88,CL,2022-04-15 21:54:17
133,Guerrero Negro,27.9769,-114.0611,67.14,53,96,17.38,MX,2022-04-15 21:54:17
134,Puerto Ayora,-0.7393,-90.3518,78.76,82,90,10.4,EC,2022-04-15 21:54:18
135,Thompson,55.7435,-97.8558,24.96,39,100,13.8,CA,2022-04-15 21:52:11
136,Moen,69.1304,18.6123,29.12,80,75,0.0,NO,2022-04-15 21:54:18
137,Khani,41.9563,42.9566,33.37,84,16,4.45,GE,2022-04-15 21:54:18
138,Atambua,-9.1061,124.8925,74.52,85,100,2.82,ID,2022-04-15 21:54:19
139,Benghazi,32.1167,20.0667,71.28,39,28,28.14,LY,2022-04-15 21:54:19
140,Goderich,43.7501,-81.7165,47.91,65,100,18.41,CA,2022-04-15 21:55:19
141,Luderitz,-26.6481,15.1594,57.99,71,0,16.37,NA,2022-04-15 21:55:20
142,Yuanli,24.4397,120.6535,72.25,82,75,13.8,TW,2022-04-15 21:55:20
143,Chokurdakh,70.6333,147.9167,9.63,93,100,4.74,RU,2022-04-15 21:55:20
144,Ostrovnoy,68.0531,39.5131,24.37,88,71,9.19,RU,2022-04-15 21:55:21
145,Sungaipenuh,-2.0833,101.3833,65.08,96,100,1.72,ID,2022-04-15 21:55:21
146,Impfondo,1.6381,18.0667,71.24,91,95,1.54,CG,2022-04-15 21:55:21
147,Bilma,18.6853,12.9164,87.58,7,76,1.43,NE,2022-04-15 21:55:22
148,Jaciara,-15.9653,-54.9683,73.54,89,26,1.99,BR,2022-04-15 21:55:22
149,Coihaique,-45.5752,-72.0662,57.81,82,75,4.61,CL,2022-04-15 21:55:22
150,Imperia,43.9667,7.7833,61.0,40,5,5.82,IT,2022-04-15 21:55:23
151,Launceston,-41.45,147.1667,53.8,94,100,4.61,AU,2022-04-15 21:55:23
152,Santa Rosa,14.3122,121.1114,80.58,80,79,4.47,PH,2022-04-15 21:55:23
153,Campoverde,-8.4753,-74.8058,73.09,74,77,3.65,PE,2022-04-15 21:55:24
154,Lac Du Bonnet,50.2536,-96.0612,22.26,89,100,13.94,CA,2022-04-15 21:50:43
155,Bhimunipatnam,17.8833,83.4333,81.91,81,98,11.1,IN,2022-04-15 21:55:24
156,Gladstone,-23.85,151.25,70.79,64,0,9.22,AU,2022-04-15 21:55:24
157,Lipetsk,52.6031,39.5708,47.25,66,99,6.44,RU,2022-04-15 21:51:10
158,Saint-Joseph,-21.3667,55.6167,73.78,83,36,13.4,RE,2022-04-15 21:55:25
159,Port Hedland,-20.3167,118.5667,75.25,83,11,4.61,AU,2022-04-15 21:55:25
160,Itaituba,-4.2761,-55.9836,89.76,62,40,5.75,BR,2022-04-15 21:55:25
161,Agadez,19.75,10.25,85.77,9,18,11.07,NE,2022-04-15 21:55:26
162,Dunedin,-45.8742,170.5036,56.8,77,79,14.0,NZ,2022-04-15 21:52:55
163,Juneau,58.3019,-134.4197,47.84,34,20,10.36,US,2022-04-15 21:51:00
164,Bang Krathum,16.5783,100.3003,82.89,43,10,5.55,TH,2022-04-15 21:55:26
165,Caravelas,-17.7125,-39.2481,75.7,83,100,14.83,BR,2022-04-15 21:55:27
166,Lahij,13.1667,44.5833,78.12,33,8,1.88,YE,2022-04-15 21:55:27
167,Qaanaaq,77.484,-69.3632,-2.88,94,100,7.07,GL,2022-04-15 21:55:27
168,Luanda,-8.8368,13.2343,77.0,78,75,9.22,AO,2022-04-15 21:55:28
169,Key Largo,25.0865,-80.4473,79.99,72,13,14.92,US,2022-04-15 21:55:28
170,Tilichiki,60.4667,166.1,22.24,85,94,5.61,RU,2022-04-15 21:55:28
171,Naron,43.5167,-8.1528,58.01,92,1,3.78,ES,2022-04-15 21:55:28
172,Fort Wellington,6.4,-57.6,78.24,82,73,10.09,GY,2022-04-15 21:55:29
173,Pacific Grove,36.6177,-121.9166,67.39,74,28,10.0,US,2022-04-15 21:55:29
174,Muhos,64.808,25.9931,29.98,94,31,2.13,FI,2022-04-15 21:55:29
175,Hualmay,-11.0964,-77.6139,69.57,77,27,14.03,PE,2022-04-15 21:55:30
176,Nanortalik,60.1432,-45.2371,26.94,72,89,6.85,GL,2022-04-15 21:55:30
177,Victoria,22.2855,114.1577,72.32,78,98,18.99,HK,2022-04-15 21:55:30
178,Tura,25.5198,90.2201,74.26,94,75,10.07,IN,2022-04-15 21:55:31
179,Constitucion,-35.3333,-72.4167,55.62,81,1,8.95,CL,2022-04-15 21:55:31
180,Svatove,49.4103,38.1503,49.24,77,71,7.43,UA,2022-04-15 21:55:31
181,Hithadhoo,-0.6,73.0833,82.63,67,73,2.91,MV,2022-04-15 21:55:32
182,Dikson,73.5069,80.5464,15.87,96,100,8.7,RU,2022-04-15 21:55:32
183,Cidreira,-30.1811,-50.2056,63.97,66,42,7.94,BR,2022-04-15 21:55:32
184,Namibe,-15.1961,12.1522,71.62,76,70,3.85,AO,2022-04-15 21:55:33
185,Hayden,47.766,-116.7866,44.96,62,0,5.75,US,2022-04-15 21:55:33
186,Shimanovsk,52.0,127.7,29.8,68,100,13.13,RU,2022-04-15 21:56:33
187,Lichinga,-13.3128,35.2406,64.49,88,75,5.75,MZ,2022-04-15 21:56:34
188,Waipawa,-41.4122,175.5153,61.03,66,12,23.67,NZ,2022-04-15 21:56:34
189,Lavrentiya,65.5833,-171.0,29.66,94,100,17.67,RU,2022-04-15 21:56:34
190,White Rock,49.0164,-122.8026,53.02,69,52,5.01,CA,2022-04-15 21:53:35
191,Wasilla,61.5814,-149.4394,43.74,46,0,5.75,US,2022-04-15 21:55:22
192,Warrington,53.3925,-2.5802,56.86,83,0,2.3,GB,2022-04-15 21:56:35
193,Saint Anthony,45.0205,-93.218,34.86,54,100,17.27,US,2022-04-15 21:56:35
194,Ambovombe,-25.1667,46.0833,75.51,81,97,4.41,MG,2022-04-15 21:56:35
195,Pisco,-13.7,-76.2167,70.02,73,0,21.85,PE,2022-04-15 21:56:36
196,Korla,41.7597,86.1469,46.71,14,0,3.38,CN,2022-04-15 21:56:36
197,Joaima,-16.6542,-41.0306,73.42,97,78,6.82,BR,2022-04-15 21:56:36
198,Sompeta,18.9333,84.6,81.12,79,89,12.28,IN,2022-04-15 21:56:37
199,Plettenberg Bay,-34.0527,23.3716,58.55,73,100,6.42,ZA,2022-04-15 21:56:37
200,Sitka,57.0531,-135.33,44.33,54,7,6.62,US,2022-04-15 21:56:37
201,Mumford,5.2618,-0.759,81.79,83,33,12.06,GH,2022-04-15 21:56:38
202,Karaj,35.8355,51.0103,57.72,61,0,13.8,IR,2022-04-15 21:56:38
203,Mount Gambier,-37.8333,140.7667,60.71,94,100,5.75,AU,2022-04-15 21:56:38
204,Yulara,-25.2406,130.9889,71.44,37,43,5.75,AU,2022-04-15 21:56:38
205,Kayerkan,69.3497,87.7602,20.89,95,87,9.82,RU,2022-04-15 21:56:39
206,Dingzhou,38.5131,114.9956,41.11,37,75,6.24,CN,2022-04-15 21:56:39
207,Puerto Escondido,15.85,-97.0667,87.06,57,66,7.72,MX,2022-04-15 21:56:39
208,Ust-Omchug,61.15,149.6333,11.55,88,100,3.67,RU,2022-04-15 21:56:40
209,Galle,6.0367,80.217,80.42,81,13,3.42,LK,2022-04-15 21:56:40
210,Yuli,9.6989,10.2744,84.4,53,100,4.99,NG,2022-04-15 21:56:40
211,Kocevje,45.6433,14.8633,53.83,97,95,1.81,SI,2022-04-15 21:56:41
212,Jacqueville,5.2052,-4.4146,81.03,83,93,9.17,CI,2022-04-15 21:56:41
213,Bilgoraj,50.5411,22.722,48.36,94,65,5.75,PL,2022-04-15 21:56:41
214,Sorong,-0.8833,131.25,80.1,84,100,8.43,ID,2022-04-15 21:56:42
215,Sabang,5.8933,95.3214,83.19,72,99,3.98,ID,2022-04-15 21:56:42
216,Olafsvik,64.8945,-23.7142,45.82,86,100,30.85,IS,2022-04-15 21:56:42
217,Port Hawkesbury,45.6169,-61.3485,40.17,96,100,16.11,CA,2022-04-15 21:56:42
218,Russell,32.3502,-85.1999,81.68,30,0,7.25,US,2022-04-15 21:56:43
219,Cherskiy,68.75,161.3,14.49,94,98,2.64,RU,2022-04-15 21:56:43
220,Saint-Pierre,-21.3393,55.4781,75.9,78,0,6.91,RE,2022-04-15 21:56:43
221,Shimoda,34.6667,138.95,47.1,89,100,15.32,JP,2022-04-15 21:56:44
222,Aklavik,68.2191,-135.0107,5.9,77,96,5.46,CA,2022-04-15 21:56:44
223,Kabalo,-6.05,26.9167,69.12,99,100,3.29,CD,2022-04-15 21:56:44
224,Tasiilaq,65.6145,-37.6368,34.88,98,100,7.83,GL,2022-04-15 21:56:45
225,Namatanai,-3.6667,152.4333,81.99,77,37,5.26,PG,2022-04-15 21:56:45
226,Dryden,49.7833,-92.7503,19.69,68,100,13.8,CA,2022-04-15 21:56:45
227,Vardo,70.3705,31.1107,35.74,88,100,24.34,NO,2022-04-15 21:56:46
228,Longyearbyen,78.2186,15.6401,26.44,93,100,11.5,SJ,2022-04-15 21:56:46
229,Bria,6.5423,21.9863,71.26,92,100,6.22,CF,2022-04-15 21:56:46
230,Boende,-0.2167,20.8667,70.25,97,100,1.48,CD,2022-04-15 21:56:47
231,Ismailia,30.6043,32.2723,60.76,70,82,9.01,EG,2022-04-15 21:53:26
232,The Valley,18.217,-63.0578,80.74,65,20,17.27,AI,2022-04-15 21:56:47
233,Upernavik,72.7868,-56.1549,-8.39,97,10,9.13,GL,2022-04-15 21:56:47
234,Camacupa,-12.0167,17.4833,62.24,94,99,0.89,AO,2022-04-15 21:57:48
235,Nelson Bay,-32.7167,152.15,64.0,96,97,1.99,AU,2022-04-15 21:55:04
236,Jonesboro,35.8423,-90.7043,74.7,72,100,10.33,US,2022-04-15 21:56:58
237,Matara,5.9485,80.5353,78.78,86,13,2.73,LK,2022-04-15 21:57:48
238,Omboue,-1.5746,9.2618,77.47,89,100,2.64,GA,2022-04-15 21:57:48
239,Pavlodar,52.3,76.95,46.2,42,0,11.18,KZ,2022-04-15 21:57:49
240,Laguna,38.421,-121.4238,72.75,45,20,10.36,US,2022-04-15 21:57:49
241,Jumla,29.2747,82.1838,44.51,50,1,6.02,NP,2022-04-15 21:56:03
242,Tezu,27.9167,96.1667,62.51,89,100,7.47,IN,2022-04-15 21:57:49
243,East London,-33.0153,27.9116,62.04,64,100,12.55,ZA,2022-04-15 21:55:44
244,Vallenar,-28.5708,-70.7581,66.13,48,0,5.21,CL,2022-04-15 21:57:50
245,Maningrida,-12.0667,134.2667,77.36,85,75,9.06,AU,2022-04-15 21:57:50
246,Porto Nacional,-10.7081,-48.4172,84.2,89,100,0.49,BR,2022-04-15 21:57:50
247,Atyrau,47.1167,51.8833,44.62,93,15,6.71,KZ,2022-04-15 21:57:51
248,Sivas,39.7916,37.0019,37.8,86,8,3.42,TR,2022-04-15 21:57:51
249,Sao Joao Da Barra,-21.6403,-41.0511,73.49,62,97,20.74,BR,2022-04-15 21:55:45
250,Piacabucu,-10.4056,-36.4344,81.77,77,67,16.87,BR,2022-04-15 21:57:51
251,Pleshanovo,52.8333,53.4833,38.79,90,100,12.55,RU,2022-04-15 21:57:52
252,Sola,-13.8833,167.55,83.07,84,40,0.0,VU,2022-04-15 21:57:52
253,Petropavlovsk-Kamchatskiy,53.0452,158.6483,32.59,55,75,2.24,RU,2022-04-15 21:57:53
254,Rocha,-34.4833,-54.3333,60.01,86,77,5.17,UY,2022-04-15 21:57:53
255,Anapskaya,44.89,37.38,48.43,87,75,8.95,RU,2022-04-15 21:57:54
256,Gat,31.61,34.7642,64.4,66,88,3.62,IL,2022-04-15 21:57:03
257,Itarema,-2.9248,-39.9167,78.75,82,74,6.67,BR,2022-04-15 21:57:54
258,Tandil,-37.3217,-59.1332,57.69,60,0,5.01,AR,2022-04-15 21:57:54
259,Brusque,-27.0981,-48.9175,69.57,85,37,1.41,BR,2022-04-15 21:57:55
260,Thomasville,35.8826,-80.082,73.08,22,51,1.99,US,2022-04-15 21:57:55
261,Tahta,26.7693,31.5021,74.25,17,0,6.69,EG,2022-04-15 21:57:55
262,Rawlins,41.7911,-107.2387,44.35,47,99,29.26,US,2022-04-15 21:57:56
263,Takoradi,4.8845,-1.7554,80.46,83,49,9.22,GH,2022-04-15 21:57:56
264,Hasaki,35.7333,140.8333,46.8,86,100,33.17,JP,2022-04-15 21:57:56
265,Beringovskiy,63.05,179.3167,30.79,97,100,21.94,RU,2022-04-15 21:57:57
266,Cayenne,4.9333,-52.3333,81.09,1,20,8.05,GF,2022-04-15 21:53:03
267,San Andres,12.5847,-81.7006,86.02,66,20,14.97,CO,2022-04-15 21:57:28
268,Souillac,-20.5167,57.5167,77.38,78,75,14.97,MU,2022-04-15 21:57:57
269,Sekoma,-24.4,23.8833,65.39,73,92,10.83,BW,2022-04-15 21:57:58
270,Coahuayana,18.7333,-103.6833,87.12,45,100,6.96,MX,2022-04-15 21:57:58
271,Lata,40.1629,-8.3327,53.82,87,100,0.72,PT,2022-04-15 21:57:58
272,Celendin,-6.8703,-78.1517,64.92,67,55,5.61,PE,2022-04-15 21:57:58
273,Iskateley,67.6803,53.1512,9.0,98,96,5.39,RU,2022-04-15 21:57:59
274,Okhotsk,59.3833,143.3,15.53,84,52,7.29,RU,2022-04-15 21:57:59
275,Speightstown,13.25,-59.65,83.01,79,84,19.1,BB,2022-04-15 21:57:59
276,Arlit,18.7369,7.3853,85.84,9,9,9.84,NE,2022-04-15 21:58:00
277,Posevnaya,54.3006,83.3297,33.48,84,2,6.73,RU,2022-04-15 21:58:00
278,Xining,36.6167,101.7667,37.99,81,98,2.13,CN,2022-04-15 21:58:00
279,La Tour-De-Peilz,46.4531,6.8586,62.11,74,52,4.0,CH,2022-04-15 21:59:01
280,Margate,51.3813,1.3862,50.11,89,48,1.01,GB,2022-04-15 21:59:01
281,Kaseda,31.4167,130.3167,56.5,61,98,15.64,JP,2022-04-15 21:59:01
282,Vinkovci,45.2883,18.8047,55.26,76,0,8.05,HR,2022-04-15 21:59:02
283,Pemberton,50.3164,-122.8027,40.69,49,83,2.24,CA,2022-04-15 21:59:02
284,Ahipara,-35.1667,173.1667,64.22,58,99,3.44,NZ,2022-04-15 21:59:02
285,Karpathos,35.507,27.2132,60.76,72,100,5.75,GR,2022-04-15 21:59:03
286,Moose Factory,51.2585,-80.6094,39.2,75,100,24.16,CA,2022-04-15 21:59:03
287,Ponta Delgada,37.7333,-25.6667,63.32,88,40,6.91,PT,2022-04-15 21:59:04
288,Ratnagiri,16.9833,73.3,80.06,80,4,4.79,IN,2022-04-15 21:59:04
289,Sambava,-14.2667,50.1667,76.39,90,87,10.65,MG,2022-04-15 21:59:04
290,Merrill,45.1805,-89.6835,33.58,50,75,18.41,US,2022-04-15 21:57:04
291,Kidal,18.4411,1.4078,83.66,11,3,13.27,ML,2022-04-15 21:59:05
292,Pevek,69.7008,170.3133,14.02,89,29,2.53,RU,2022-04-15 21:59:05
293,Verkhnyaya Inta,65.9811,60.3094,20.01,95,100,7.25,RU,2022-04-15 21:59:05
294,Berlevag,70.8578,29.0864,35.4,97,100,27.36,NO,2022-04-15 21:57:49
295,Mandali,33.7499,45.5541,66.88,15,58,8.59,IQ,2022-04-15 21:59:06
296,Taoudenni,22.6783,-3.9836,80.26,16,0,10.6,ML,2022-04-15 21:59:06
297,Balkanabat,39.5108,54.3671,59.4,41,69,2.82,TM,2022-04-15 21:59:06
298,Nongan,44.382,125.1685,44.49,35,38,9.62,CN,2022-04-15 21:59:07
299,Marystown,47.1666,-55.1483,40.86,100,14,9.48,CA,2022-04-15 21:59:07
300,Nipawin,53.3668,-104.0009,28.44,37,0,10.36,CA,2022-04-15 21:55:30
301,Walvis Bay,-22.9575,14.5053,58.15,82,0,2.3,NA,2022-04-15 21:59:08
302,Baykit,61.67,96.37,34.88,99,100,2.1,RU,2022-04-15 21:59:08
303,Severo-Zadonsk,54.0348,38.4017,46.69,72,100,10.4,RU,2022-04-15 21:59:08
304,Lienz,46.8289,12.769,51.19,93,34,6.17,AT,2022-04-15 21:59:08
305,Niigata,37.9022,139.0236,48.15,93,75,18.41,JP,2022-04-15 21:54:13
306,Yichang,30.7144,111.2847,48.69,89,100,3.78,CN,2022-04-15 21:56:07
307,Clyde River,70.4692,-68.5914,-3.77,77,0,12.66,CA,2022-04-15 21:56:57
308,Moundou,8.5667,16.0833,85.64,41,48,3.94,TD,2022-04-15 21:59:09
309,Haines Junction,60.7522,-137.5108,37.35,30,5,6.91,CA,2022-04-15 21:59:10
310,Kununurra,-15.7667,128.7333,75.18,94,16,2.3,AU,2022-04-15 21:59:10
311,Saldanha,-33.0117,17.9442,57.25,59,6,18.1,ZA,2022-04-15 21:59:10
312,Shakawe,-18.3667,21.85,68.11,76,48,2.86,BW,2022-04-15 21:59:11
313,Mandalgovi,45.7625,106.2708,29.93,50,30,3.58,MN,2022-04-15 21:59:11
314,Vila Franca Do Campo,37.7167,-25.4333,63.01,89,27,6.78,PT,2022-04-15 21:59:11
315,Manaure,11.7751,-72.4445,87.26,57,76,19.37,CO,2022-04-15 21:59:12
316,Cabo Rojo,18.0866,-67.1457,81.9,79,42,4.0,PR,2022-04-15 21:59:12
317,Ambilobe,-13.2,49.05,75.06,82,63,4.47,MG,2022-04-15 21:59:12
318,Grindavik,63.8424,-22.4338,48.15,100,100,35.68,IS,2022-04-15 21:59:13
319,Orcopampa,-15.2661,-72.3417,55.71,21,9,8.66,PE,2022-04-15 21:59:13
320,Dalby,-27.1833,151.2667,63.81,63,2,11.72,AU,2022-04-15 21:59:13
321,Batabano,22.7164,-82.2881,86.72,56,49,3.29,CU,2022-04-15 21:59:14
322,Santa Cruz Cabralia,-16.2781,-39.0247,79.03,89,100,8.05,BR,2022-04-15 21:57:19
323,Yumen,40.2833,97.2,37.53,24,50,21.03,CN,2022-04-15 21:59:14
324,Ayni,39.3941,68.5377,58.55,63,0,3.98,TJ,2022-04-15 22:00:15
325,Noumea,-22.2763,166.4572,77.0,99,63,9.13,NC,2022-04-15 22:00:16
326,Half Moon Bay,37.4636,-122.4286,72.54,60,0,8.05,US,2022-04-15 22:00:16
327,Akureyri,65.6835,-18.0878,42.13,75,100,9.8,IS,2022-04-15 22:00:16
328,San Patricio,28.017,-97.5169,85.06,59,70,16.69,US,2022-04-15 22:00:17
329,Auki,-8.7676,160.7034,80.29,78,100,2.1,SB,2022-04-15 22:00:17
330,Sioux Lookout,50.1001,-91.917,24.17,89,100,11.61,CA,2022-04-15 22:00:18
331,Elizabeth City,36.2946,-76.2511,66.02,41,68,8.93,US,2022-04-15 22:00:18
332,Cozumel,20.5083,-86.9458,86.95,67,26,8.99,MX,2022-04-15 22:00:08
333,Hami,42.8,93.45,43.75,39,69,10.27,CN,2022-04-15 22:00:19
334,Nabire,-3.3667,135.4833,76.95,90,100,3.09,ID,2022-04-15 22:00:20
335,Nome,64.5011,-165.4064,34.16,81,100,23.98,US,2022-04-15 22:00:20
336,Grantham,52.9115,-0.6418,59.25,82,65,11.5,GB,2022-04-15 22:00:21
337,Kahului,20.8947,-156.47,81.97,80,54,11.99,US,2022-04-15 22:00:21
338,Narsaq,60.9167,-46.05,32.22,72,68,4.34,GL,2022-04-15 22:00:22
339,Zhanakorgan,43.9098,67.2495,67.41,26,61,8.46,KZ,2022-04-15 22:00:22
340,Jijiga,9.35,42.8,67.55,74,88,2.01,ET,2022-04-15 22:00:22
341,Faro,37.0194,-7.9322,68.97,77,0,4.61,PT,2022-04-15 22:00:23
342,Pierre,44.3683,-100.351,44.06,39,32,8.01,US,2022-04-15 22:00:23
343,Katherine,-14.4667,132.2667,73.72,83,100,3.44,AU,2022-04-15 21:56:27
344,Benalla,-36.55,145.9833,58.3,65,14,3.18,AU,2022-04-15 22:00:24
345,La Rioja,42.25,-2.5,51.58,92,4,4.7,ES,2022-04-15 21:56:53
346,Riviere-Du-Loup,47.8304,-69.5342,43.56,79,7,8.08,CA,2022-04-15 22:00:25
347,Moranbah,-22.0016,148.0466,68.88,71,0,11.16,AU,2022-04-15 22:00:25
348,Kutum,14.2,24.6667,74.25,10,69,7.02,SD,2022-04-15 22:00:26
349,Polyarnyy,69.1989,33.4478,26.28,93,61,6.2,RU,2022-04-15 22:00:26
350,Vuktyl,63.8567,57.3094,24.75,91,100,13.15,RU,2022-04-15 22:00:26
351,Bumba,2.1833,22.4667,72.79,90,100,2.06,CD,2022-04-15 22:00:27
352,Zastron,-30.3023,27.084,51.57,89,100,5.53,ZA,2022-04-15 22:00:27
353,Celestun,20.8667,-90.4,82.69,73,22,17.25,MX,2022-04-15 22:00:27
354,Whitianga,-36.8333,175.7,65.95,75,100,4.5,NZ,2022-04-15 21:55:52
355,Uncia,-18.467,-66.5685,55.74,19,0,10.16,BO,2022-04-15 22:00:28
356,Comodoro Rivadavia,-45.8667,-67.5,65.77,45,8,21.43,AR,2022-04-15 22:00:01
357,Galesong,-5.3166,119.3661,75.22,83,100,6.04,ID,2022-04-15 22:00:28
358,Vao,-22.6667,167.4833,75.4,79,87,8.75,NC,2022-04-15 22:00:29
359,Kodiak,57.79,-152.4072,36.59,99,100,16.02,US,2022-04-15 22:00:29
360,Manokwari,-0.8667,134.0833,79.57,74,99,1.03,ID,2022-04-15 22:00:30
361,Norman Wells,65.282,-126.8329,13.05,72,100,5.64,CA,2022-04-15 22:00:30
362,Bandar,2.05,99.75,74.14,95,100,2.01,ID,2022-04-15 22:00:30
363,Adrar,20.5022,-10.0711,81.66,12,16,5.06,MR,2022-04-15 22:00:31
364,Stokmarknes,68.5646,14.9108,37.38,70,100,3.44,NO,2022-04-15 22:00:31
365,Rustenburg,-25.6676,27.2421,67.15,43,40,4.25,ZA,2022-04-15 22:00:31
366,Dong Hoi,17.4833,106.6,75.92,96,73,5.7,VN,2022-04-15 22:00:32
367,Pidhaytsi,49.2685,25.1334,46.76,96,100,5.14,UA,2022-04-15 22:00:32
368,Erzin,36.9559,36.2,56.39,54,0,2.55,TR,2022-04-15 22:00:33
369,Quelimane,-17.8786,36.8883,76.68,92,2,4.72,MZ,2022-04-15 22:00:33
370,Maragogi,-9.0122,-35.2225,79.97,79,25,10.83,BR,2022-04-15 21:59:18
371,Astoria,46.1879,-123.8313,49.86,65,79,3.0,US,2022-04-15 22:01:34
372,Sao Filipe,14.8961,-24.4956,71.47,76,4,9.53,CV,2022-04-15 22:01:34
373,Sindor,62.8629,51.8905,24.91,84,100,10.63,RU,2022-04-15 22:01:34
374,Santa Maria,-29.6842,-53.8069,58.03,78,32,3.42,BR,2022-04-15 22:01:35
375,Pangnirtung,66.1451,-65.7125,1.35,94,17,1.3,CA,2022-04-15 22:01:35
376,Datong,40.0936,113.2914,40.21,18,3,4.09,CN,2022-04-15 22:01:36
377,Bac Lieu,9.285,105.7244,81.34,82,24,6.73,VN,2022-04-15 22:01:36
378,Lisala,2.15,21.5167,71.28,93,98,0.63,CD,2022-04-15 22:01:36
379,Fort Frances,48.5999,-93.4003,20.16,73,100,17.27,CA,2022-04-15 22:01:37
380,Umm Kaddadah,13.6017,26.6876,80.04,9,100,13.15,SD,2022-04-15 22:01:37
381,Nyurba,63.2842,118.3319,14.77,95,100,5.21,RU,2022-04-15 22:01:37
382,Tikapur,28.5,81.1333,73.89,18,0,6.49,NP,2022-04-15 22:01:38
383,Atar,20.5169,-13.0499,79.21,14,0,2.21,MR,2022-04-15 22:01:38
384,Red Bluff,40.1785,-122.2358,63.68,36,100,12.66,US,2022-04-15 22:01:38
385,Mitsamiouli,-11.3847,43.2844,82.04,79,65,9.57,KM,2022-04-15 22:01:39
386,Geraldton,-28.7667,114.6,59.41,94,0,3.44,AU,2022-04-15 22:01:39
387,Svetlogorsk,52.6333,29.7333,47.93,92,100,10.09,BY,2022-04-15 22:01:39
388,Strezhevoy,60.7333,77.5889,38.93,95,100,8.68,RU,2022-04-15 22:01:39
389,Bonavista,48.6499,-53.1147,32.68,79,41,15.75,CA,2022-04-15 22:01:40
390,Vestmanna,62.1564,-7.1664,49.12,87,100,10.36,FO,2022-04-15 22:01:40
391,Demidov,55.2706,31.515,36.88,91,100,11.21,RU,2022-04-15 22:01:40
392,General Roca,-39.0333,-67.5833,71.62,24,0,3.36,AR,2022-04-15 22:01:41
393,Porto Torres,40.835,8.3972,55.58,64,25,2.98,IT,2022-04-15 22:01:41
394,Jinchang,38.4953,102.1739,42.13,72,90,2.44,CN,2022-04-15 22:01:41
395,Vostok,46.4856,135.8833,33.1,68,89,5.12,RU,2022-04-15 22:01:42
396,Zyryanka,65.75,150.85,12.0,87,98,2.06,RU,2022-04-15 22:01:42
397,Alanya,36.5438,31.9998,62.6,55,0,4.68,TR,2022-04-15 22:00:14
398,Calatayud,41.3535,-1.6432,60.06,69,1,1.16,ES,2022-04-15 22:01:42
399,Husavik,66.0449,-17.3389,41.85,77,100,13.18,IS,2022-04-15 22:01:43
400,Porto Velho,-8.7619,-63.9039,76.86,95,89,2.19,BR,2022-04-15 22:01:43
401,Romitan,39.9343,64.3814,62.55,63,0,0.0,UZ,2022-04-15 22:01:43
402,Vagur,61.4732,-6.8119,46.4,95,100,11.77,FO,2022-04-15 22:01:44
403,Carutapera,-1.195,-46.02,76.62,92,100,6.13,BR,2022-04-15 22:01:44
404,Chinna Salem,11.65,78.9,83.08,75,73,4.12,IN,2022-04-15 22:01:44
405,Dawson Creek,55.7666,-120.2362,33.49,42,100,4.9,CA,2022-04-15 22:01:44
406,San Quintin,30.4833,-115.95,64.71,64,77,18.16,MX,2022-04-15 22:01:45
407,Lagoa,39.05,-27.9833,58.75,74,100,14.54,PT,2022-04-15 22:01:45
408,Faanui,-16.4833,-151.75,82.04,71,7,18.43,PF,2022-04-15 22:01:46
409,Latung,5.5,120.8833,81.61,78,89,5.48,PH,2022-04-15 22:01:46
410,Guarapari,-20.6667,-40.4975,74.89,63,92,17.74,BR,2022-04-15 21:58:39
411,Am Timan,11.0297,20.2827,92.05,27,99,1.97,TD,2022-04-15 22:01:46
412,Quatre Cocos,-20.2078,57.7625,76.08,82,47,18.59,MU,2022-04-15 22:01:47
413,Chuy,-33.6971,-53.4616,62.53,74,65,7.18,UY,2022-04-15 22:01:47
414,Poopo,-18.3667,-66.9667,54.99,18,0,7.47,BO,2022-04-15 22:01:47
415,Ola,59.5833,151.2833,16.14,74,100,7.31,RU,2022-04-15 22:01:47
416,Ulladulla,-35.35,150.4667,63.59,73,97,3.49,AU,2022-04-15 22:01:48
417,Kavaratti,10.5669,72.642,82.62,74,39,2.42,IN,2022-04-15 22:01:48
418,Balikpapan,-1.2675,116.8289,76.19,100,40,4.61,ID,2022-04-15 21:59:23
419,Tessalit,20.1986,1.0114,76.8,12,0,10.67,ML,2022-04-15 22:02:14
420,Kampong Thum,12.7111,104.8887,78.26,83,72,5.82,KH,2022-04-15 22:02:49
421,Hambantota,6.1241,81.1185,77.34,100,18,2.3,LK,2022-04-15 22:02:49
422,Palmer,42.1584,-72.3287,66.42,18,48,3.0,US,2022-04-15 21:58:26
423,Zverinogolovskoye,54.4586,64.8542,52.14,57,82,9.86,RU,2022-04-15 22:02:50
424,Taft,31.7471,54.2088,58.95,55,15,13.8,IR,2022-04-15 22:02:50
425,Aswan,24.0934,32.907,78.42,9,0,8.77,EG,2022-04-15 22:02:50
426,Fortuna,40.5982,-124.1573,52.86,61,0,5.75,US,2022-04-15 22:02:51
427,Ekibastuz,51.6667,75.3667,55.76,31,1,9.1,KZ,2022-04-15 22:02:51
428,Serov,59.6033,60.5787,33.15,98,99,3.49,RU,2022-04-15 22:02:51
429,Khash,28.2211,61.2158,73.13,22,94,3.02,IR,2022-04-15 22:02:51
430,Panaba,21.2833,-88.2667,91.42,43,72,17.45,MX,2022-04-15 22:02:52
431,Kihei,20.785,-156.4656,81.97,80,43,5.08,US,2022-04-15 22:02:52
432,Hovd,48.0056,91.6419,30.87,34,0,6.51,MN,2022-04-15 22:02:52
433,Sosnovo-Ozerskoye,52.5249,111.5418,32.85,81,100,10.45,RU,2022-04-15 22:02:53
434,Alghero,40.5589,8.3181,55.49,71,0,2.3,IT,2022-04-15 22:02:53
435,Teknaf,20.8624,92.3058,79.75,86,15,5.77,BD,2022-04-15 22:02:53
436,Gaziantep,37.0594,37.3825,51.73,47,0,3.44,TR,2022-04-15 21:59:01
437,Portobelo,9.55,-79.65,83.95,79,80,11.61,PA,2022-04-15 22:02:54
438,Hue,16.4667,107.6,77.11,94,20,3.44,VN,2022-04-15 22:02:54
439,Port Macquarie,-31.4333,152.9167,61.9,76,76,5.73,AU,2022-04-15 22:02:55
440,Sept-Iles,50.2001,-66.3821,37.06,95,100,3.44,CA,2022-04-15 22:02:55
441,Taua,-5.9667,-40.3,80.65,58,38,3.87,BR,2022-04-15 22:02:55
442,Willmar,45.1219,-95.0433,30.22,69,100,17.27,US,2022-04-15 22:02:24
443,Acapulco,16.8634,-99.8901,85.82,58,40,6.91,MX,2022-04-15 22:02:56
444,San Policarpo,12.1791,125.5072,78.64,80,67,3.56,PH,2022-04-15 22:02:56
445,Nouakchott,18.0858,-15.9785,66.13,82,0,16.2,MR,2022-04-15 22:00:14
446,Castro,-24.7911,-50.0119,53.01,63,0,3.24,BR,2022-04-15 22:01:32
447,Cowra,-33.8333,148.6833,59.88,60,87,2.68,AU,2022-04-15 22:02:56
448,Zhicheng,30.2956,111.5047,47.61,93,100,10.56,CN,2022-04-15 22:02:57
449,Ilula,-7.6766,36.0366,63.25,98,100,5.14,TZ,2022-04-15 22:02:57
450,Oranjemund,-28.55,16.4333,55.42,85,0,12.86,NA,2022-04-15 22:02:57
451,Barra Patuca,15.8,-84.2833,82.96,67,96,13.02,HN,2022-04-15 22:02:58
452,Gweta,-20.1833,25.2333,74.55,60,53,5.91,BW,2022-04-15 22:02:58
453,Uyemskiy,64.4743,40.8524,28.45,68,20,2.24,RU,2022-04-15 22:02:58
454,Tame,6.461,-71.73,83.79,54,95,0.69,CO,2022-04-15 22:02:59
455,Nea Vissa,41.5833,26.5333,51.04,76,3,4.27,GR,2022-04-15 22:02:59
456,Oussouye,12.485,-16.5469,70.93,74,6,10.27,SN,2022-04-15 22:02:59
457,Livingstone,-17.8419,25.8543,69.42,71,25,1.48,ZM,2022-04-15 22:03:00
458,Bengkulu,-3.8004,102.2655,76.71,89,100,3.74,ID,2022-04-15 22:02:42
459,Fairbanks,64.8378,-147.7164,36.25,34,0,14.97,US,2022-04-15 22:03:00
460,Sao Jose Da Coroa Grande,-8.8978,-35.1478,80.33,79,15,10.94,BR,2022-04-15 22:01:57
461,Lubango,-14.9172,13.4925,59.86,85,100,2.35,AO,2022-04-15 22:03:00
462,Abapo,-18.8333,-63.4667,64.36,50,1,2.37,BO,2022-04-15 22:03:01
463,Wajid,3.8093,43.2471,79.27,66,100,12.95,SO,2022-04-15 22:04:01
464,Aurillac,44.9167,2.45,52.68,71,7,2.3,FR,2022-04-15 22:04:01
465,Ponta Do Sol,32.6667,-17.1,67.01,67,100,3.33,PT,2022-04-15 22:04:02
466,Marawi,7.9986,124.2928,68.02,92,46,2.01,PH,2022-04-15 22:04:02
467,Mitu,1.1983,-70.1733,76.39,90,89,2.06,CO,2022-04-15 21:59:11
468,Sisimiut,66.9395,-53.6735,16.02,69,4,10.92,GL,2022-04-15 22:04:03
469,Katsuura,35.1333,140.3,50.02,86,100,26.17,JP,2022-04-15 22:00:46
470,Da Lat,11.9465,108.4419,60.76,96,81,1.19,VN,2022-04-15 22:02:34
471,Timra,62.487,17.3257,28.08,80,96,3.44,SE,2022-04-15 22:01:09
472,Bang Saphan,11.2126,99.5117,76.06,91,28,4.68,TH,2022-04-15 22:04:03
473,Galveston,29.3669,-94.9669,84.18,81,100,13.8,US,2022-04-15 22:04:04
474,Palm Coast,29.585,-81.2078,78.89,82,40,8.05,US,2022-04-15 22:04:04
475,North Bend,43.4065,-124.2243,57.24,82,75,9.78,US,2022-04-15 22:00:20
476,Piravam,9.8667,76.5,78.78,93,89,0.45,IN,2022-04-15 22:04:05
477,Portland,45.5234,-122.6762,55.83,51,14,4.0,US,2022-04-15 21:59:35
478,Hay River,60.8156,-115.7999,24.17,83,100,9.51,CA,2022-04-15 22:04:05
479,Kiunga,-6.1219,141.2906,74.61,98,100,1.97,PG,2022-04-15 22:04:06
480,Hirara,24.8,125.2833,70.07,73,75,16.11,JP,2022-04-15 22:04:06
481,Beruwala,6.4788,79.9828,79.84,83,64,5.03,LK,2022-04-15 22:04:06
482,Labuhan,-6.8844,112.2051,77.22,88,97,5.17,ID,2022-04-15 22:04:07
483,Ucluelet,48.9329,-125.5528,50.09,72,35,3.0,CA,2022-04-15 22:04:07
484,Prudnik,50.3212,17.5746,45.79,95,100,11.12,PL,2022-04-15 22:01:44
485,Maceio,-9.6658,-35.7353,81.73,76,39,16.28,BR,2022-04-15 22:00:07
486,Teya,60.3778,92.6267,33.8,99,100,2.42,RU,2022-04-15 22:04:08
487,Cotonou,6.3654,2.4183,82.45,82,31,10.07,BJ,2022-04-15 22:04:08
488,El Molino,10.6523,-72.924,88.72,54,62,5.73,CO,2022-04-15 22:04:09
489,Songea,-10.6833,35.65,62.6,98,50,1.3,TZ,2022-04-15 22:04:09
490,Champasak,14.75,106.0,73.78,89,65,2.71,LA,2022-04-15 22:04:09
491,Kologriv,58.8275,44.3178,25.54,96,36,4.21,RU,2022-04-15 22:04:10
492,Maralal,1.0968,36.698,63.32,66,91,8.66,KE,2022-04-15 22:04:10
493,Yatou,37.15,122.3833,44.13,40,82,6.17,CN,2022-04-15 22:04:11
494,Turukhansk,65.8167,87.9833,32.5,100,100,5.48,RU,2022-04-15 22:04:11
495,Padre Bernardo,-15.35,-48.5,78.04,62,98,2.15,BR,2022-04-15 22:04:11
496,Dharmavaram,14.4333,77.7167,87.89,44,90,5.3,IN,2022-04-15 22:04:12
497,Saravan,39.7196,45.6483,34.03,75,10,8.08,AM,2022-04-15 22:04:12
498,San Lawrenz,36.0553,14.204,57.85,89,53,3.0,MT,2022-04-15 22:04:13
499,Ocos,14.5094,-92.1933,91.58,63,15,12.01,GT,2022-04-15 22:04:13
500,Grand Gaube,-20.0064,57.6608,76.37,85,26,8.01,MU,2022-04-15 22:04:13
501,Opuwo,-18.0607,13.84,70.56,45,55,4.29,NA,2022-04-15 22:04:14
502,Zheleznodorozhnyy,55.7503,38.0042,44.78,95,100,5.79,RU,2022-04-15 22:04:14
503,Tangshan,39.6333,118.1833,45.75,33,0,7.14,CN,2022-04-15 22:00:11
504,Oktyabrskiy,54.4815,53.471,35.53,86,100,13.71,RU,2022-04-15 22:04:14
505,Deputatskiy,69.3,139.9,6.42,79,100,1.59,RU,2022-04-15 22:04:15
506,Saint-Francois,46.4154,3.9054,56.68,80,0,5.75,FR,2022-04-15 22:04:15
507,Mehamn,71.0357,27.8492,35.89,98,100,26.33,NO,2022-04-15 22:04:16
508,Belize,17.25,-88.75,89.31,45,84,8.7,BZ,2022-04-15 22:04:16
509,Hobyo,5.3505,48.5268,82.53,72,91,12.55,SO,2022-04-15 22:04:16
510,Salalah,17.0151,54.0924,80.69,78,20,3.44,OM,2022-04-15 22:04:17
511,Lucapa,-8.4192,20.7447,66.92,97,100,0.87,AO,2022-04-15 22:05:17
512,Aberdeen,57.1437,-2.0981,50.49,95,100,9.22,GB,2022-04-15 22:05:18
513,Pangai,-19.8,-174.35,81.64,79,100,16.98,TO,2022-04-15 22:05:18
514,Owando,-0.4819,15.8999,70.65,96,53,2.37,CG,2022-04-15 22:05:18
515,Helmsdale,58.1168,-3.6517,51.75,93,98,6.67,GB,2022-04-15 22:05:18
516,Yar,58.249,52.1026,29.21,95,100,10.45,RU,2022-04-15 22:05:19
517,Svetlyy,54.675,20.1347,41.05,77,33,14.18,RU,2022-04-15 22:05:19
518,Camocim,-2.9022,-40.8411,79.32,81,68,7.11,BR,2022-04-15 22:05:20
519,Pangody,65.85,74.4859,25.41,95,100,3.69,RU,2022-04-15 22:05:21
520,Prado,-17.3411,-39.2208,75.16,90,98,14.94,BR,2022-04-15 22:05:21
521,Kirensk,57.7853,108.1119,25.77,97,99,1.52,RU,2022-04-15 22:05:21
522,Talaya,61.3833,152.75,2.34,95,100,2.33,RU,2022-04-15 22:05:22
523,Mayo,38.8876,-76.5119,72.93,32,0,18.41,US,2022-04-15 22:05:22
524,Nazas,25.2333,-104.1333,93.11,5,50,7.74,MX,2022-04-15 22:05:23
525,Sokoni,-6.4333,39.55,80.2,85,100,9.84,TZ,2022-04-15 22:05:23
526,Rio Gallegos,-51.6226,-69.2181,50.05,76,75,13.8,AR,2022-04-15 22:05:23
527,Gorele,41.0308,39.0031,47.25,85,13,4.14,TR,2022-04-15 22:05:24
528,Huilong,31.8111,121.655,52.93,63,99,9.93,CN,2022-04-15 22:05:24
529,Baracoa,20.3467,-74.4958,79.75,75,32,9.19,CU,2022-04-15 22:05:24
530,Kerman,30.2832,57.0788,67.66,33,100,8.57,IR,2022-04-15 22:03:22
531,Fakel,57.6325,53.0252,30.61,97,100,9.4,RU,2022-04-15 22:05:25
532,Booue,-0.0921,11.9385,72.88,98,99,0.34,GA,2022-04-15 22:05:25
533,Vagay,57.9375,69.0217,50.18,74,100,7.18,RU,2022-04-15 22:05:25
534,Hearst,49.6835,-83.6665,31.93,89,100,10.04,CA,2022-04-15 22:05:26
535,Eyl,7.9803,49.8164,82.63,72,100,10.09,SO,2022-04-15 22:05:26
536,Sorland,67.667,12.6934,40.35,76,99,21.39,NO,2022-04-15 22:05:26
537,Sembakung,3.8167,117.25,73.06,99,100,1.72,ID,2022-04-15 22:05:27
538,Shaoyang,27.2315,111.4525,50.68,93,100,3.8,CN,2022-04-15 22:05:27
539,Sulangan,11.1373,123.7228,82.0,72,80,7.31,PH,2022-04-15 22:05:27
540,Punta Alta,-38.8759,-62.0736,62.71,58,0,10.89,AR,2022-04-15 22:05:28
541,Ternate,0.8,127.4,80.6,80,100,4.38,ID,2022-04-15 22:05:28
542,Kamaishi,39.2667,141.8833,38.97,89,100,14.27,JP,2022-04-15 22:05:28
543,Alice Springs,-23.7,133.8833,69.22,32,20,1.14,AU,2022-04-15 22:04:54
544,Wunsiedel,50.0333,12.0167,45.46,91,72,5.99,DE,2022-04-15 22:05:29
545,Bonfim,3.0833,-59.95,76.93,78,100,5.23,BR,2022-04-15 22:05:29
546,Marienburg,54.0359,19.0266,40.12,87,78,13.78,PL,2022-04-15 22:05:29
547,Ancud,-41.8697,-73.8203,59.23,84,41,5.1,CL,2022-04-15 22:05:30
548,Sechura,-5.5569,-80.8222,77.23,57,27,18.7,PE,2022-04-15 22:05:30
549,Kamakhyanagar,20.9333,85.55,76.37,87,41,0.51,IN,2022-04-15 22:05:30
550,Kiruna,67.8557,20.2251,23.92,68,100,10.36,SE,2022-04-15 22:05:31
551,Alexandria,31.2156,29.9553,60.94,63,82,7.65,EG,2022-04-15 22:02:44
552,Leh,34.1667,77.5833,34.84,55,99,5.44,IN,2022-04-15 22:05:31
553,Lingao,19.9103,109.6859,74.35,90,59,15.28,CN,2022-04-15 22:05:31
554,Liverpool,53.4106,-2.9779,54.28,84,0,2.3,GB,2022-04-15 22:02:09
555,Rennes,48.1667,-1.6667,51.96,93,0,9.22,FR,2022-04-15 22:05:32
556,Cockburn Town,21.4612,-71.1419,77.56,80,20,22.79,TC,2022-04-15 22:06:32
557,Rosario,-32.9468,-60.6393,66.81,55,0,5.75,AR,2022-04-15 22:06:32
558,Kavieng,-2.5744,150.7967,82.67,78,51,9.93,PG,2022-04-15 22:05:56
559,Arona,28.0996,-16.681,61.32,61,0,8.05,ES,2022-04-15 22:06:33
560,Labuan,5.2767,115.2417,79.48,81,99,5.32,MY,2022-04-15 22:06:33
561,Kochevo,59.5994,54.3125,26.65,94,100,8.34,RU,2022-04-15 22:06:34
562,Camacha,33.0833,-16.3333,58.42,88,40,11.5,PT,2022-04-15 22:06:34
563,Nyandoma,61.669,40.1991,20.5,95,20,4.92,RU,2022-04-15 22:06:34
564,Kyra,49.5776,111.9753,33.67,53,82,3.74,RU,2022-04-15 22:06:35
565,Ozinki,51.1786,49.6769,41.9,85,59,3.36,RU,2022-04-15 22:06:35
566,Den Helder,52.9599,4.7593,47.98,78,100,8.01,NL,2022-04-15 22:06:35
567,Vanimo,-2.6741,141.3028,79.38,85,57,4.56,PG,2022-04-15 22:06:36
568,Balkhash,46.844,74.9804,47.91,36,0,12.97,KZ,2022-04-15 22:06:36
569,Sumbe,-11.2061,13.8437,77.31,90,92,5.23,AO,2022-04-15 22:06:36
570,Pundaguitan,6.3711,126.1689,81.34,75,92,3.47,PH,2022-04-15 22:06:37
571,Burnie,-41.0667,145.9167,58.89,89,97,5.7,AU,2022-04-15 22:06:37
572,Sao Felix Do Xingu,-6.6447,-51.995,74.05,96,99,1.14,BR,2022-04-15 22:06:37
573,Dubrovka,53.6907,33.5071,45.27,97,100,3.31,RU,2022-04-15 22:06:38
574,Kharp,66.8014,65.8081,18.79,89,100,9.35,RU,2022-04-15 22:06:38
575,Havoysund,70.9963,24.6622,39.43,90,100,26.24,NO,2022-04-15 22:06:38
576,Shalya,57.2471,58.7298,38.95,96,100,10.4,RU,2022-04-15 22:06:38
577,Belmonte,-15.8631,-38.8828,78.13,89,69,7.76,BR,2022-04-15 22:06:39
578,Cap Malheureux,-19.9842,57.6142,76.46,85,29,8.01,MU,2022-04-15 22:06:39
579,Brokopondo,4.75,-55.1667,77.43,85,100,6.26,SR,2022-04-15 22:06:39
580,Bellary,15.15,76.9333,86.07,39,97,2.71,IN,2022-04-15 22:06:40
581,Evensk,61.95,159.2333,25.56,83,99,4.52,RU,2022-04-15 22:04:28
582,Anjiang,27.3194,110.1031,50.61,96,100,3.65,CN,2022-04-15 22:06:40
583,Marsa Matruh,31.3525,27.2453,61.03,73,76,10.96,EG,2022-04-15 22:06:40
584,Nkhata Bay,-11.6066,34.2907,72.93,86,46,3.33,MW,2022-04-15 22:06:41
585,Ankara,39.9199,32.8543,50.2,58,0,1.01,TR,2022-04-15 22:06:24
586,Funtua,11.5233,7.3081,79.93,44,98,7.49,NG,2022-04-15 22:06:41
587,Beian,63.6559,9.5683,45.01,93,75,5.75,NO,2022-04-15 22:06:41
588,Camana,-16.6228,-72.7111,69.26,78,73,10.29,PE,2022-04-15 22:06:42
589,Huarmey,-10.0681,-78.1522,70.21,76,20,12.82,PE,2022-04-15 22:06:42
590,Port Blair,11.6667,92.75,80.91,75,1,2.73,IN,2022-04-15 22:06:42
